{"cameraMode":{"drawMode":0,"name":"Shaded","section":"Shading Mode"},"sceneLighting":true,"audioPlay":false,"sceneViewState":{"m_AlwaysRefresh":false,"showFog":true,"showSkybox":true,"showFlares":true,"showImageEffects":true,"showParticleSystems":true,"showVisualEffectGraphs":true,"m_FxEnabled":true},"in2DMode":false,"pivot":{"x":2.8398561477661135,"y":3.679415464401245,"z":-2.735501289367676},"rotation":{"x":0.2739420533180237,"y":-0.4205375909805298,"z":0.13698013126850129,"w":0.8546451926231384},"size":0.43738460540771487,"orthographic":false}