{"cameraMode":{"drawMode":0,"name":"Shaded","section":"Shading Mode"},"sceneLighting":true,"audioPlay":false,"sceneViewState":{"m_AlwaysRefresh":false,"showFog":true,"showSkybox":true,"showFlares":true,"showImageEffects":true,"showParticleSystems":true,"showVisualEffectGraphs":true,"m_FxEnabled":true},"in2DMode":false,"pivot":{"x":9.34093952178955,"y":0.010244857519865036,"z":-0.1722259670495987},"rotation":{"x":-0.08101344853639603,"y":-0.7159177660942078,"z":0.08367367088794708,"w":-0.6886758208274841},"size":8.693525314331055,"orthographic":false}